{"cameraMode":{"drawMode":0,"name":"Shaded","section":"Shading Mode"},"sceneLighting":true,"audioPlay":false,"sceneViewState":{"m_AlwaysRefresh":false,"showFog":true,"showSkybox":true,"showFlares":true,"showImageEffects":true,"showParticleSystems":true,"showVisualEffectGraphs":true,"m_FxEnabled":true},"in2DMode":false,"pivot":{"x":-0.957028865814209,"y":1.276346206665039,"z":-2.7785401344299318},"rotation":{"x":0.006005709525197744,"y":0.9927698373794556,"z":0.05634094774723053,"w":-0.10582924634218216},"size":3.6073946952819826,"orthographic":false}